n_points,obs_time,time
512,4 days 04:00:00,568.0095763206482
512,20 days 20:00:00,2698.204427957535
512,31 days 06:00:00,4138.725794792175
