n_points,obs_time,time
512,4 days 04:00:00,568.0095763206482
1024,4 days 04:00:00,791.6624145507812
